DnyzBot,crawlers / bad robots / suspicious spiders / junk web-scrapers / malicious spammersResource Development,Bots & Vulnerability Scanner,https://raw.githubusercontent.com/mitchellkrogza/nginx-ultimate-bad-bot-blocker/master/_generator_lists/bad-user-agents.list,medium,low,medium,Detection rule,network flow direction internal --> external,,
DoctorVaccine,Suricata Malware user-agent rules,Malware,https://raw.githubusercontent.com/seanlinmt/suricata/master/files/rules/emerging-malware.rules,high,low,medium,Detection rule,network flow direction internal --> external,,
DomCopBot,crawlers / bad robots / suspicious spiders / junk web-scrapers / malicious spammersResource Development,Bots & Vulnerability Scanner,https://raw.githubusercontent.com/mitchellkrogza/nginx-ultimate-bad-bot-blocker/master/_generator_lists/bad-user-agents.list,medium,low,medium,Detection rule,network flow direction internal --> external,,
DomainAppender,crawlers / bad robots / suspicious spiders / junk web-scrapers / malicious spammersResource Development,Bots & Vulnerability Scanner,https://raw.githubusercontent.com/mitchellkrogza/nginx-ultimate-bad-bot-blocker/master/_generator_lists/bad-user-agents.list,medium,low,medium,Detection rule,network flow direction internal --> external,,
DomainCrawler,crawlers / bad robots / suspicious spiders / junk web-scrapers / malicious spammersResource Development,Bots & Vulnerability Scanner,https://raw.githubusercontent.com/mitchellkrogza/nginx-ultimate-bad-bot-blocker/master/_generator_lists/bad-user-agents.list,medium,low,medium,Detection rule,network flow direction internal --> external,,
DomainSigmaCrawler,crawlers / bad robots / suspicious spiders / junk web-scrapers / malicious spammersResource Development,Bots & Vulnerability Scanner,https://raw.githubusercontent.com/mitchellkrogza/nginx-ultimate-bad-bot-blocker/master/_generator_lists/bad-user-agents.list,medium,low,medium,Detection rule,network flow direction internal --> external,,
DomainStatsBot,crawlers / bad robots / suspicious spiders / junk web-scrapers / malicious spammersResource Development,Bots & Vulnerability Scanner,https://raw.githubusercontent.com/mitchellkrogza/nginx-ultimate-bad-bot-blocker/master/_generator_lists/bad-user-agents.list,medium,low,medium,Detection rule,network flow direction internal --> external,,
Domains\ Project,crawlers / bad robots / suspicious spiders / junk web-scrapers / malicious spammersResource Development,Bots & Vulnerability Scanner,https://raw.githubusercontent.com/mitchellkrogza/nginx-ultimate-bad-bot-blocker/master/_generator_lists/bad-user-agents.list,medium,low,medium,Detection rule,network flow direction internal --> external,,
Dotbot,crawlers / bad robots / suspicious spiders / junk web-scrapers / malicious spammersResource Development,Bots & Vulnerability Scanner,https://raw.githubusercontent.com/mitchellkrogza/nginx-ultimate-bad-bot-blocker/master/_generator_lists/bad-user-agents.list,medium,low,medium,Detection rule,network flow direction internal --> external,,
Downing,Suricata trojan user-agent rules,Malware,https://raw.githubusercontent.com/seanlinmt/suricata/master/files/rules/emerging-trojan.rules,high,low,medium,Detection rule,network flow direction internal --> external,,
Download Agent,Suricata Malware user-agent rules,Malware,https://raw.githubusercontent.com/seanlinmt/suricata/master/files/rules/emerging-malware.rules,high,low,medium,Detection rule,network flow direction internal --> external,,
Download App,Suricata trojan user-agent rules,Malware,https://raw.githubusercontent.com/seanlinmt/suricata/master/files/rules/emerging-trojan.rules,high,low,medium,Detection rule,network flow direction internal --> external,,
Download Master,Suricata Malware user-agent rules,Malware,https://raw.githubusercontent.com/seanlinmt/suricata/master/files/rules/emerging-malware.rules,high,low,medium,Detection rule,network flow direction internal --> external,,
Download UBAgent,Suricata Malware user-agent rules,Malware,https://raw.githubusercontent.com/seanlinmt/suricata/master/files/rules/emerging-malware.rules,high,low,medium,Detection rule,network flow direction internal --> external,,
DownloadMR,Suricata suspicious user-agent rules,suspicious string,https://raw.githubusercontent.com/vncloudsco/suricata-rules/main/emerging-user_agents.rules,high,low,medium,Detection rule,network flow direction internal --> external,,
Download\ Wonder,crawlers / bad robots / suspicious spiders / junk web-scrapers / malicious spammersResource Development,Bots & Vulnerability Scanner,https://raw.githubusercontent.com/mitchellkrogza/nginx-ultimate-bad-bot-blocker/master/_generator_lists/bad-user-agents.list,medium,low,medium,Detection rule,network flow direction internal --> external,,
Downloader MLR 1.0.0,Suricata trojan user-agent rules,Malware,https://raw.githubusercontent.com/seanlinmt/suricata/master/files/rules/emerging-trojan.rules,high,low,medium,Detection rule,network flow direction internal --> external,,
DrPCClean Transmit,Suricata Malware user-agent rules,Malware,https://raw.githubusercontent.com/seanlinmt/suricata/master/files/rules/emerging-malware.rules,high,low,medium,Detection rule,network flow direction internal --> external,,
Dragonfly,crawlers / bad robots / suspicious spiders / junk web-scrapers / malicious spammersResource Development,Bots & Vulnerability Scanner,https://raw.githubusercontent.com/mitchellkrogza/nginx-ultimate-bad-bot-blocker/master/_generator_lists/bad-user-agents.list,medium,low,medium,Detection rule,network flow direction internal --> external,,
Drip,crawlers / bad robots / suspicious spiders / junk web-scrapers / malicious spammersResource Development,Bots & Vulnerability Scanner,https://raw.githubusercontent.com/mitchellkrogza/nginx-ultimate-bad-bot-blocker/master/_generator_lists/bad-user-agents.list,medium,low,medium,Detection rule,network flow direction internal --> external,,
Dsreg/10.0 (Windows 10.0.19044.1826),ROADtools Azure AD offensive tools,Exploitation,https://github.com/dirkjanm/ROADtools/blob/bfe2f916f2e249ebd4b054d6fa604fdafb06cb4e/roadlib/roadtools/roadlib/deviceauth.py#L256,high,none,high,Detection rule,network flow direction internal --> external,,
DuckTales,"raccoon stealer - It gathers personal information including passwords, browser cookies/autofill data and cryptowallet details",Malware,https://x.com/g0njxa/status/1670824965438832643?s=20,critical,none,critical,Detection rule,network flow direction internal --> external,,
Dummy,Suricata Malware user-agent rules,Malware,https://raw.githubusercontent.com/seanlinmt/suricata/master/files/rules/emerging-malware.rules,high,low,medium,Detection rule,network flow direction internal --> external,,
ECCP/1.0,crawlers / bad robots / suspicious spiders / junk web-scrapers / malicious spammersResource Development,Bots & Vulnerability Scanner,https://raw.githubusercontent.com/mitchellkrogza/nginx-ultimate-bad-bot-blocker/master/_generator_lists/bad-user-agents.list,medium,low,medium,Detection rule,network flow direction internal --> external,,
EELoader,Suricata Malware user-agent rules,Malware,https://raw.githubusercontent.com/seanlinmt/suricata/master/files/rules/emerging-malware.rules,high,low,medium,Detection rule,network flow direction internal --> external,,
EMSCBVDFRT,Suricata trojan user-agent rules,Malware,https://raw.githubusercontent.com/seanlinmt/suricata/master/files/rules/emerging-trojan.rules,high,low,medium,Detection rule,network flow direction internal --> external,,
EMail\ Siphon,crawlers / bad robots / suspicious spiders / junk web-scrapers / malicious spammersResource Development,Bots & Vulnerability Scanner,https://raw.githubusercontent.com/mitchellkrogza/nginx-ultimate-bad-bot-blocker/master/_generator_lists/bad-user-agents.list,medium,low,medium,Detection rule,network flow direction internal --> external,,
EMail\ Wolf,crawlers / bad robots / suspicious spiders / junk web-scrapers / malicious spammersResource Development,Bots & Vulnerability Scanner,https://raw.githubusercontent.com/mitchellkrogza/nginx-ultimate-bad-bot-blocker/master/_generator_lists/bad-user-agents.list,medium,low,medium,Detection rule,network flow direction internal --> external,,
ERRN2004 (Windows XP,Suricata Malware user-agent rules,Malware,https://raw.githubusercontent.com/seanlinmt/suricata/master/files/rules/emerging-malware.rules,high,low,medium,Detection rule,network flow direction internal --> external,,
ERRORNUKER,Suricata Malware user-agent rules,Malware,https://raw.githubusercontent.com/seanlinmt/suricata/master/files/rules/emerging-malware.rules,high,low,medium,Detection rule,network flow direction internal --> external,,
EVNUKER,Suricata Malware user-agent rules,Malware,https://raw.githubusercontent.com/seanlinmt/suricata/master/files/rules/emerging-malware.rules,high,low,medium,Detection rule,network flow direction internal --> external,,
EasyDL,crawlers / bad robots / suspicious spiders / junk web-scrapers / malicious spammersResource Development,Bots & Vulnerability Scanner,https://raw.githubusercontent.com/mitchellkrogza/nginx-ultimate-bad-bot-blocker/master/_generator_lists/bad-user-agents.list,medium,low,medium,Detection rule,network flow direction internal --> external,,
Ebingbong,crawlers / bad robots / suspicious spiders / junk web-scrapers / malicious spammersResource Development,Bots & Vulnerability Scanner,https://raw.githubusercontent.com/mitchellkrogza/nginx-ultimate-bad-bot-blocker/master/_generator_lists/bad-user-agents.list,medium,low,medium,Detection rule,network flow direction internal --> external,,
Ecxi,crawlers / bad robots / suspicious spiders / junk web-scrapers / malicious spammersResource Development,Bots & Vulnerability Scanner,https://raw.githubusercontent.com/mitchellkrogza/nginx-ultimate-bad-bot-blocker/master/_generator_lists/bad-user-agents.list,medium,low,medium,Detection rule,network flow direction internal --> external,,
EirGrabber,crawlers / bad robots / suspicious spiders / junk web-scrapers / malicious spammersResource Development,Bots & Vulnerability Scanner,https://raw.githubusercontent.com/mitchellkrogza/nginx-ultimate-bad-bot-blocker/master/_generator_lists/bad-user-agents.list,medium,low,medium,Detection rule,network flow direction internal --> external,,
ElectroSun,Suricata trojan user-agent rules,Malware,https://raw.githubusercontent.com/seanlinmt/suricata/master/files/rules/emerging-trojan.rules,high,low,medium,Detection rule,network flow direction internal --> external,,
Envolo,Suricata Malware user-agent rules,Malware,https://raw.githubusercontent.com/seanlinmt/suricata/master/files/rules/emerging-malware.rules,high,low,medium,Detection rule,network flow direction internal --> external,,
EroCrawler,crawlers / bad robots / suspicious spiders / junk web-scrapers / malicious spammersResource Development,Bots & Vulnerability Scanner,https://raw.githubusercontent.com/mitchellkrogza/nginx-ultimate-bad-bot-blocker/master/_generator_lists/bad-user-agents.list,medium,low,medium,Detection rule,network flow direction internal --> external,,
ErrCode,Suricata trojan user-agent rules,Malware,https://raw.githubusercontent.com/seanlinmt/suricata/master/files/rules/emerging-trojan.rules,high,low,medium,Detection rule,network flow direction internal --> external,,
ErrorSafe,Suricata Malware user-agent rules,Malware,https://raw.githubusercontent.com/seanlinmt/suricata/master/files/rules/emerging-malware.rules,high,low,medium,Detection rule,network flow direction internal --> external,,
Errordigger.com related,Suricata trojan user-agent rules,Malware,https://raw.githubusercontent.com/seanlinmt/suricata/master/files/rules/emerging-trojan.rules,high,low,medium,Detection rule,network flow direction internal --> external,,
Evil,crawlers / bad robots / suspicious spiders / junk web-scrapers / malicious spammersResource Development,Bots & Vulnerability Scanner,https://raw.githubusercontent.com/mitchellkrogza/nginx-ultimate-bad-bot-blocker/master/_generator_lists/bad-user-agents.list,medium,low,medium,Detection rule,network flow direction internal --> external,,
Exabot,crawlers / bad robots / suspicious spiders / junk web-scrapers / malicious spammersResource Development,Bots & Vulnerability Scanner,https://raw.githubusercontent.com/mitchellkrogza/nginx-ultimate-bad-bot-blocker/master/_generator_lists/bad-user-agents.list,medium,low,medium,Detection rule,network flow direction internal --> external,,
Example,Suricata Malware user-agent rules,Malware,https://raw.githubusercontent.com/seanlinmt/suricata/master/files/rules/emerging-malware.rules,high,low,medium,Detection rule,network flow direction internal --> external,,
Explorer,Suricata Malware user-agent rules,Malware,https://raw.githubusercontent.com/seanlinmt/suricata/master/files/rules/emerging-malware.rules,high,low,medium,Detection rule,network flow direction internal --> external,,
Express\ WebPictures,crawlers / bad robots / suspicious spiders / junk web-scrapers / malicious spammersResource Development,Bots & Vulnerability Scanner,https://raw.githubusercontent.com/mitchellkrogza/nginx-ultimate-bad-bot-blocker/master/_generator_lists/bad-user-agents.list,medium,low,medium,Detection rule,network flow direction internal --> external,,
ExtLinksBot,crawlers / bad robots / suspicious spiders / junk web-scrapers / malicious spammersResource Development,Bots & Vulnerability Scanner,https://raw.githubusercontent.com/mitchellkrogza/nginx-ultimate-bad-bot-blocker/master/_generator_lists/bad-user-agents.list,medium,low,medium,Detection rule,network flow direction internal --> external,,
Extractor,crawlers / bad robots / suspicious spiders / junk web-scrapers / malicious spammersResource Development,Bots & Vulnerability Scanner,https://raw.githubusercontent.com/mitchellkrogza/nginx-ultimate-bad-bot-blocker/master/_generator_lists/bad-user-agents.list,medium,low,medium,Detection rule,network flow direction internal --> external,,
ExtractorPro,crawlers / bad robots / suspicious spiders / junk web-scrapers / malicious spammersResource Development,Bots & Vulnerability Scanner,https://raw.githubusercontent.com/mitchellkrogza/nginx-ultimate-bad-bot-blocker/master/_generator_lists/bad-user-agents.list,medium,low,medium,Detection rule,network flow direction internal --> external,,
Extreme\ Picture\ Finder,crawlers / bad robots / suspicious spiders / junk web-scrapers / malicious spammersResource Development,Bots & Vulnerability Scanner,https://raw.githubusercontent.com/mitchellkrogza/nginx-ultimate-bad-bot-blocker/master/_generator_lists/bad-user-agents.list,medium,low,medium,Detection rule,network flow direction internal --> external,,
EyeNetIE,crawlers / bad robots / suspicious spiders / junk web-scrapers / malicious spammersResource Development,Bots & Vulnerability Scanner,https://raw.githubusercontent.com/mitchellkrogza/nginx-ultimate-bad-bot-blocker/master/_generator_lists/bad-user-agents.list,medium,low,medium,Detection rule,network flow direction internal --> external,,
Ezooms,crawlers / bad robots / suspicious spiders / junk web-scrapers / malicious spammersResource Development,Bots & Vulnerability Scanner,https://raw.githubusercontent.com/mitchellkrogza/nginx-ultimate-bad-bot-blocker/master/_generator_lists/bad-user-agents.list,medium,low,medium,Detection rule,network flow direction internal --> external,,
Ezshop,Suricata Malware user-agent rules,Malware,https://raw.githubusercontent.com/seanlinmt/suricata/master/files/rules/emerging-malware.rules,high,low,medium,Detection rule,network flow direction internal --> external,,
FHscan,crawlers / bad robots / suspicious spiders / junk web-scrapers / malicious spammersResource Development,Bots & Vulnerability Scanner,https://raw.githubusercontent.com/mitchellkrogza/nginx-ultimate-bad-bot-blocker/master/_generator_lists/bad-user-agents.list,medium,low,medium,Detection rule,network flow direction internal --> external,,
FUCKUSA,cryptomining campaigns,Cryptominer,https://x.com/TekDefense/status/1577650055057739777?s=20,high,none,high,Detection rule,network flow direction internal --> internal/external,,
FULLSTUFF,Suricata trojan user-agent rules,Malware,https://raw.githubusercontent.com/seanlinmt/suricata/master/files/rules/emerging-trojan.rules,high,low,medium,Detection rule,network flow direction internal --> external,,
FaceCooker,Suricata Malware user-agent rules,Malware,https://raw.githubusercontent.com/seanlinmt/suricata/master/files/rules/emerging-malware.rules,high,low,medium,Detection rule,network flow direction internal --> external,,
Fast Browser Search,Suricata Malware user-agent rules,Malware,https://raw.githubusercontent.com/seanlinmt/suricata/master/files/rules/emerging-malware.rules,high,low,medium,Detection rule,network flow direction internal --> external,,
FavUpdate,Suricata Malware user-agent rules,Malware,https://raw.githubusercontent.com/seanlinmt/suricata/master/files/rules/emerging-malware.rules,high,low,medium,Detection rule,network flow direction internal --> external,,
FemtosearchBot,crawlers / bad robots / suspicious spiders / junk web-scrapers / malicious spammersResource Development,Bots & Vulnerability Scanner,https://raw.githubusercontent.com/mitchellkrogza/nginx-ultimate-bad-bot-blocker/master/_generator_lists/bad-user-agents.list,medium,low,medium,Detection rule,network flow direction internal --> external,,
FileDownloader,Suricata Malware user-agent rules,Malware,https://raw.githubusercontent.com/seanlinmt/suricata/master/files/rules/emerging-malware.rules,high,low,medium,Detection rule,network flow direction internal --> external,,
FileNolja,Suricata trojan user-agent rules,Malware,https://raw.githubusercontent.com/seanlinmt/suricata/master/files/rules/emerging-trojan.rules,high,low,medium,Detection rule,network flow direction internal --> external,,
Fimap,crawlers / bad robots / suspicious spiders / junk web-scrapers / malicious spammersResource Development,Bots & Vulnerability Scanner,https://raw.githubusercontent.com/mitchellkrogza/nginx-ultimate-bad-bot-blocker/master/_generator_lists/bad-user-agents.list,medium,low,medium,Detection rule,network flow direction internal --> external,,
Fire-Cloud,Suricata suspicious user-agent rules,suspicious string,https://raw.githubusercontent.com/vncloudsco/suricata-rules/main/emerging-user_agents.rules,high,low,medium,Detection rule,network flow direction internal --> external,,
FlashGet,crawlers / bad robots / suspicious spiders / junk web-scrapers / malicious spammersResource Development,Bots & Vulnerability Scanner,https://raw.githubusercontent.com/mitchellkrogza/nginx-ultimate-bad-bot-blocker/master/_generator_lists/bad-user-agents.list,medium,low,medium,Detection rule,network flow direction internal --> external,,
Flunky,crawlers / bad robots / suspicious spiders / junk web-scrapers / malicious spammersResource Development,Bots & Vulnerability Scanner,https://raw.githubusercontent.com/mitchellkrogza/nginx-ultimate-bad-bot-blocker/master/_generator_lists/bad-user-agents.list,medium,low,medium,Detection rule,network flow direction internal --> external,,
Foobot,crawlers / bad robots / suspicious spiders / junk web-scrapers / malicious spammersResource Development,Bots & Vulnerability Scanner,https://raw.githubusercontent.com/mitchellkrogza/nginx-ultimate-bad-bot-blocker/master/_generator_lists/bad-user-agents.list,medium,low,medium,Detection rule,network flow direction internal --> external,,
Forthgoer,Suricata Malware user-agent rules,Malware,https://raw.githubusercontent.com/seanlinmt/suricata/master/files/rules/emerging-malware.rules,high,low,medium,Detection rule,network flow direction internal --> external,,
Forthgoner,Suricata trojan user-agent rules,Malware,https://raw.githubusercontent.com/seanlinmt/suricata/master/files/rules/emerging-trojan.rules,high,low,medium,Detection rule,network flow direction internal --> external,,
Freeuploader,crawlers / bad robots / suspicious spiders / junk web-scrapers / malicious spammersResource Development,Bots & Vulnerability Scanner,https://raw.githubusercontent.com/mitchellkrogza/nginx-ultimate-bad-bot-blocker/master/_generator_lists/bad-user-agents.list,medium,low,medium,Detection rule,network flow direction internal --> external,,
FreezeInet,Suricata Malware user-agent rules,Malware,https://raw.githubusercontent.com/seanlinmt/suricata/master/files/rules/emerging-malware.rules,high,low,medium,Detection rule,network flow direction internal --> external,,
FrontPage,crawlers / bad robots / suspicious spiders / junk web-scrapers / malicious spammersResource Development,Bots & Vulnerability Scanner,https://raw.githubusercontent.com/mitchellkrogza/nginx-ultimate-bad-bot-blocker/master/_generator_lists/bad-user-agents.list,medium,low,medium,Detection rule,network flow direction internal --> external,,
FunWebProducts,Suricata Malware user-agent rules,Malware,https://raw.githubusercontent.com/seanlinmt/suricata/master/files/rules/emerging-malware.rules,high,low,medium,Detection rule,network flow direction internal --> external,,
Fuzz,crawlers / bad robots / suspicious spiders / junk web-scrapers / malicious spammersResource Development,Bots & Vulnerability Scanner,https://raw.githubusercontent.com/mitchellkrogza/nginx-ultimate-bad-bot-blocker/master/_generator_lists/bad-user-agents.list,medium,low,medium,Detection rule,network flow direction internal --> external,,
FyberSpider,crawlers / bad robots / suspicious spiders / junk web-scrapers / malicious spammersResource Development,Bots & Vulnerability Scanner,https://raw.githubusercontent.com/mitchellkrogza/nginx-ultimate-bad-bot-blocker/master/_generator_lists/bad-user-agents.list,medium,low,medium,Detection rule,network flow direction internal --> external,,
Fyrebot,crawlers / bad robots / suspicious spiders / junk web-scrapers / malicious spammersResource Development,Bots & Vulnerability Scanner,https://raw.githubusercontent.com/mitchellkrogza/nginx-ultimate-bad-bot-blocker/master/_generator_lists/bad-user-agents.list,medium,low,medium,Detection rule,network flow direction internal --> external,,
G-i-g-a-b-o-t,crawlers / bad robots / suspicious spiders / junk web-scrapers / malicious spammersResource Development,Bots & Vulnerability Scanner,https://raw.githubusercontent.com/mitchellkrogza/nginx-ultimate-bad-bot-blocker/master/_generator_lists/bad-user-agents.list,medium,low,medium,Detection rule,network flow direction internal --> external,,
GAMEHOUSE.NET.URL,Suricata Malware user-agent rules,Malware,https://raw.githubusercontent.com/seanlinmt/suricata/master/files/rules/emerging-malware.rules,high,low,medium,Detection rule,network flow direction internal --> external,,
GETJOB,Suricata Malware user-agent rules,Malware,https://raw.githubusercontent.com/seanlinmt/suricata/master/files/rules/emerging-malware.rules,high,low,medium,Detection rule,network flow direction internal --> external,,
GLOBALx,Suricata Malware user-agent rules,Malware,https://raw.githubusercontent.com/seanlinmt/suricata/master/files/rules/emerging-malware.rules,high,low,medium,Detection rule,network flow direction internal --> external,,
GNU Wget*,default user agent wget,Collection,N/A,medium,high,low,Hunting,network flow direction internal --> external,,
GPTBot,crawlers / bad robots / suspicious spiders / junk web-scrapers / malicious spammersResource Development,Bots & Vulnerability Scanner,https://raw.githubusercontent.com/mitchellkrogza/nginx-ultimate-bad-bot-blocker/master/_generator_lists/bad-user-agents.list,medium,low,medium,Detection rule,network flow direction internal --> external,,
GT::WWW,crawlers / bad robots / suspicious spiders / junk web-scrapers / malicious spammersResource Development,Bots & Vulnerability Scanner,https://raw.githubusercontent.com/mitchellkrogza/nginx-ultimate-bad-bot-blocker/master/_generator_lists/bad-user-agents.list,medium,low,medium,Detection rule,network flow direction internal --> external,,
GTBank,Suricata Malware user-agent rules,Malware,https://raw.githubusercontent.com/seanlinmt/suricata/master/files/rules/emerging-malware.rules,high,low,medium,Detection rule,network flow direction internal --> external,,
GUIDTracker,Suricata trojan user-agent rules,Malware,https://raw.githubusercontent.com/seanlinmt/suricata/master/files/rules/emerging-trojan.rules,high,low,medium,Detection rule,network flow direction internal --> external,,
GalaxyBot,crawlers / bad robots / suspicious spiders / junk web-scrapers / malicious spammersResource Development,Bots & Vulnerability Scanner,https://raw.githubusercontent.com/mitchellkrogza/nginx-ultimate-bad-bot-blocker/master/_generator_lists/bad-user-agents.list,medium,low,medium,Detection rule,network flow direction internal --> external,,
GameInfo,Gh0stRAT variants,Malware,network flow direction internal --> external,critical,none,critical,Detection rule,network flow direction internal --> external,,
Gbot,Suricata Malware user-agent rules,Malware,https://raw.githubusercontent.com/seanlinmt/suricata/master/files/rules/emerging-malware.rules,high,low,medium,Detection rule,network flow direction internal --> external,,
GeekingToTheMoon,"raccoon stealer - It gathers personal information including passwords, browser cookies/autofill data and cryptowallet details",Malware,https://tria.ge/230207-htlfnahh87/behavioral1,critical,none,critical,Detection rule,network flow direction internal --> external,,
General Antivirus,Suricata Malware user-agent rules,Malware,https://raw.githubusercontent.com/seanlinmt/suricata/master/files/rules/emerging-malware.rules,high,low,medium,Detection rule,network flow direction internal --> external,,
GenericHttp/VER_STR_COMMA,Suricata trojan user-agent rules,Malware,https://raw.githubusercontent.com/seanlinmt/suricata/master/files/rules/emerging-trojan.rules,high,low,medium,Detection rule,network flow direction internal --> external,,
Genieo,crawlers / bad robots / suspicious spiders / junk web-scrapers / malicious spammersResource Development,Bots & Vulnerability Scanner,https://raw.githubusercontent.com/mitchellkrogza/nginx-ultimate-bad-bot-blocker/master/_generator_lists/bad-user-agents.list,medium,low,medium,Detection rule,network flow direction internal --> external,,
GermCrawler,crawlers / bad robots / suspicious spiders / junk web-scrapers / malicious spammersResource Development,Bots & Vulnerability Scanner,https://raw.githubusercontent.com/mitchellkrogza/nginx-ultimate-bad-bot-blocker/master/_generator_lists/bad-user-agents.list,medium,low,medium,Detection rule,network flow direction internal --> external,,
GetRight,crawlers / bad robots / suspicious spiders / junk web-scrapers / malicious spammersResource Development,Bots & Vulnerability Scanner,https://raw.githubusercontent.com/mitchellkrogza/nginx-ultimate-bad-bot-blocker/master/_generator_lists/bad-user-agents.list,medium,low,medium,Detection rule,network flow direction internal --> external,,
GetWeb,crawlers / bad robots / suspicious spiders / junk web-scrapers / malicious spammersResource Development,Bots & Vulnerability Scanner,https://raw.githubusercontent.com/mitchellkrogza/nginx-ultimate-bad-bot-blocker/master/_generator_lists/bad-user-agents.list,medium,low,medium,Detection rule,network flow direction internal --> external,,
Getintent,crawlers / bad robots / suspicious spiders / junk web-scrapers / malicious spammersResource Development,Bots & Vulnerability Scanner,https://raw.githubusercontent.com/mitchellkrogza/nginx-ultimate-bad-bot-blocker/master/_generator_lists/bad-user-agents.list,medium,low,medium,Detection rule,network flow direction internal --> external,,
Gigabot,crawlers / bad robots / suspicious spiders / junk web-scrapers / malicious spammersResource Development,Bots & Vulnerability Scanner,https://raw.githubusercontent.com/mitchellkrogza/nginx-ultimate-bad-bot-blocker/master/_generator_lists/bad-user-agents.list,medium,low,medium,Detection rule,network flow direction internal --> external,,
GitHubCopilotChat/*,Github Copilot Chat,Compliance,N/A,info,none,info,Hunting,network flow direction internal --> external,,
Go!Zilla,crawlers / bad robots / suspicious spiders / junk web-scrapers / malicious spammersResource Development,Bots & Vulnerability Scanner,https://raw.githubusercontent.com/mitchellkrogza/nginx-ultimate-bad-bot-blocker/master/_generator_lists/bad-user-agents.list,medium,low,medium,Detection rule,network flow direction internal --> external,,
Go-Ahead-Got-It,crawlers / bad robots / suspicious spiders / junk web-scrapers / malicious spammersResource Development,Bots & Vulnerability Scanner,https://raw.githubusercontent.com/mitchellkrogza/nginx-ultimate-bad-bot-blocker/master/_generator_lists/bad-user-agents.list,medium,low,medium,Detection rule,network flow direction internal --> external,,
GoZilla,crawlers / bad robots / suspicious spiders / junk web-scrapers / malicious spammersResource Development,Bots & Vulnerability Scanner,https://raw.githubusercontent.com/mitchellkrogza/nginx-ultimate-bad-bot-blocker/master/_generator_lists/bad-user-agents.list,medium,low,medium,Detection rule,network flow direction internal --> external,,
Gootkit HTTP Client,Suricata trojan user-agent rules,Malware,https://raw.githubusercontent.com/seanlinmt/suricata/master/files/rules/emerging-trojan.rules,high,low,medium,Detection rule,network flow direction internal --> external,,
Gotit,crawlers / bad robots / suspicious spiders / junk web-scrapers / malicious spammersResource Development,Bots & Vulnerability Scanner,https://raw.githubusercontent.com/mitchellkrogza/nginx-ultimate-bad-bot-blocker/master/_generator_lists/bad-user-agents.list,medium,low,medium,Detection rule,network flow direction internal --> external,,
GrabNet,crawlers / bad robots / suspicious spiders / junk web-scrapers / malicious spammersResource Development,Bots & Vulnerability Scanner,https://raw.githubusercontent.com/mitchellkrogza/nginx-ultimate-bad-bot-blocker/master/_generator_lists/bad-user-agents.list,medium,low,medium,Detection rule,network flow direction internal --> external,,
Grabber,crawlers / bad robots / suspicious spiders / junk web-scrapers / malicious spammersResource Development,Bots & Vulnerability Scanner,https://raw.githubusercontent.com/mitchellkrogza/nginx-ultimate-bad-bot-blocker/master/_generator_lists/bad-user-agents.list,medium,low,medium,Detection rule,network flow direction internal --> external,,
Grafula,crawlers / bad robots / suspicious spiders / junk web-scrapers / malicious spammersResource Development,Bots & Vulnerability Scanner,https://raw.githubusercontent.com/mitchellkrogza/nginx-ultimate-bad-bot-blocker/master/_generator_lists/bad-user-agents.list,medium,low,medium,Detection rule,network flow direction internal --> external,,
GrapeFX,crawlers / bad robots / suspicious spiders / junk web-scrapers / malicious spammersResource Development,Bots & Vulnerability Scanner,https://raw.githubusercontent.com/mitchellkrogza/nginx-ultimate-bad-bot-blocker/master/_generator_lists/bad-user-agents.list,medium,low,medium,Detection rule,network flow direction internal --> external,,
GrapeshotCrawler,crawlers / bad robots / suspicious spiders / junk web-scrapers / malicious spammersResource Development,Bots & Vulnerability Scanner,https://raw.githubusercontent.com/mitchellkrogza/nginx-ultimate-bad-bot-blocker/master/_generator_lists/bad-user-agents.list,medium,low,medium,Detection rule,network flow direction internal --> external,,
GridBot,crawlers / bad robots / suspicious spiders / junk web-scrapers / malicious spammersResource Development,Bots & Vulnerability Scanner,https://raw.githubusercontent.com/mitchellkrogza/nginx-ultimate-bad-bot-blocker/master/_generator_lists/bad-user-agents.list,medium,low,medium,Detection rule,network flow direction internal --> external,,
GunnaWunna,"raccoon stealer - It gathers personal information including passwords, browser cookies/autofill data and cryptowallet details",Malware,https://app.any.run/tasks/1787d1f1-7366-4c81-898f-addc47f31c93/,critical,none,critical,Detection rule,network flow direction internal --> external,,
GunnaWunnaBlueTips,"raccoon stealer - It gathers personal information including passwords, browser cookies/autofill data and cryptowallet details",Malware,https://app.any.run/tasks/1787d1f1-7366-4c81-898f-addc47f31c93/,critical,none,critical,Detection rule,network flow direction internal --> external,,
HEADMasterSEO,crawlers / bad robots / suspicious spiders / junk web-scrapers / malicious spammersResource Development,Bots & Vulnerability Scanner,https://raw.githubusercontent.com/mitchellkrogza/nginx-ultimate-bad-bot-blocker/master/_generator_lists/bad-user-agents.list,medium,low,medium,Detection rule,network flow direction internal --> external,,
HELLO,Suricata trojan user-agent rules,Malware,https://raw.githubusercontent.com/seanlinmt/suricata/master/files/rules/emerging-trojan.rules,high,low,medium,Detection rule,network flow direction internal --> external,,
HMView,crawlers / bad robots / suspicious spiders / junk web-scrapers / malicious spammersResource Development,Bots & Vulnerability Scanner,https://raw.githubusercontent.com/mitchellkrogza/nginx-ultimate-bad-bot-blocker/master/_generator_lists/bad-user-agents.list,medium,low,medium,Detection rule,network flow direction internal --> external,,
HTMLparser,crawlers / bad robots / suspicious spiders / junk web-scrapers / malicious spammersResource Development,Bots & Vulnerability Scanner,https://raw.githubusercontent.com/mitchellkrogza/nginx-ultimate-bad-bot-blocker/master/_generator_lists/bad-user-agents.list,medium,low,medium,Detection rule,network flow direction internal --> external,,
HTTP Downloader,Suricata trojan user-agent rules,Malware,https://raw.githubusercontent.com/seanlinmt/suricata/master/files/rules/emerging-trojan.rules,high,low,medium,Detection rule,network flow direction internal --> external,,
HTTP::Lite,crawlers / bad robots / suspicious spiders / junk web-scrapers / malicious spammersResource Development,Bots & Vulnerability Scanner,https://raw.githubusercontent.com/mitchellkrogza/nginx-ultimate-bad-bot-blocker/master/_generator_lists/bad-user-agents.list,medium,low,medium,Detection rule,network flow direction internal --> external,,
HTTPFILEDOWN,Suricata Malware user-agent rules,Malware,https://raw.githubusercontent.com/seanlinmt/suricata/master/files/rules/emerging-malware.rules,high,low,medium,Detection rule,network flow direction internal --> external,,
HTTPGETDATA,Suricata Malware user-agent rules,Malware,https://raw.githubusercontent.com/seanlinmt/suricata/master/files/rules/emerging-malware.rules,high,low,medium,Detection rule,network flow direction internal --> external,,
HTTPREAD,fabookie malware,Malware,https://app.any.run/tasks/b732fab4-ab5d-4d36-b953-8e08d4e60cf0/?utm_source=twitter&utm_medium=post&utm_campaign=statsreview_task&utm_content=030723/,critical,none,critical,Detection rule,network flow direction internal --> external,,
HTTPTEST,Suricata trojan user-agent rules,Malware,https://raw.githubusercontent.com/seanlinmt/suricata/master/files/rules/emerging-trojan.rules,high,low,medium,Detection rule,network flow direction internal --> external,,
HTTP_CONNECT,Suricata Malware user-agent rules,Malware,https://raw.githubusercontent.com/seanlinmt/suricata/master/files/rules/emerging-malware.rules,high,low,medium,Detection rule,network flow direction internal --> external,,
HTTP_CONNECT_,Suricata suspicious user-agent rules,suspicious string,https://raw.githubusercontent.com/vncloudsco/suricata-rules/main/emerging-user_agents.rules,high,low,medium,Detection rule,network flow direction internal --> external,,
HTTP_CONNECT_2,Suricata Malware user-agent rules,Malware,https://raw.githubusercontent.com/seanlinmt/suricata/master/files/rules/emerging-malware.rules,high,low,medium,Detection rule,network flow direction internal --> external,,
HTTP_FILEDOWN,Suricata Malware user-agent rules,Malware,https://raw.githubusercontent.com/seanlinmt/suricata/master/files/rules/emerging-malware.rules,high,low,medium,Detection rule,network flow direction internal --> external,,
HTTP_GET_COMM,Suricata Malware user-agent rules,Malware,https://raw.githubusercontent.com/seanlinmt/suricata/master/files/rules/emerging-malware.rules,high,low,medium,Detection rule,network flow direction internal --> external,,
HTTP_Query,Suricata Malware user-agent rules,Malware,https://raw.githubusercontent.com/seanlinmt/suricata/master/files/rules/emerging-malware.rules,high,low,medium,Detection rule,network flow direction internal --> external,,
HTTrack,crawlers / bad robots / suspicious spiders / junk web-scrapers / malicious spammersResource Development,Bots & Vulnerability Scanner,https://raw.githubusercontent.com/mitchellkrogza/nginx-ultimate-bad-bot-blocker/master/_generator_lists/bad-user-agents.list,medium,low,medium,Detection rule,network flow direction internal --> external,,
Haansoft,crawlers / bad robots / suspicious spiders / junk web-scrapers / malicious spammersResource Development,Bots & Vulnerability Scanner,https://raw.githubusercontent.com/mitchellkrogza/nginx-ultimate-bad-bot-blocker/master/_generator_lists/bad-user-agents.list,medium,low,medium,Detection rule,network flow direction internal --> external,,
HaosouSpider,crawlers / bad robots / suspicious spiders / junk web-scrapers / malicious spammersResource Development,Bots & Vulnerability Scanner,https://raw.githubusercontent.com/mitchellkrogza/nginx-ultimate-bad-bot-blocker/master/_generator_lists/bad-user-agents.list,medium,low,medium,Detection rule,network flow direction internal --> external,,
HardCore Software For,Suricata trojan user-agent rules,Malware,https://raw.githubusercontent.com/seanlinmt/suricata/master/files/rules/emerging-trojan.rules,high,low,medium,Detection rule,network flow direction internal --> external,,
Harvest,crawlers / bad robots / suspicious spiders / junk web-scrapers / malicious spammersResource Development,Bots & Vulnerability Scanner,https://raw.githubusercontent.com/mitchellkrogza/nginx-ultimate-bad-bot-blocker/master/_generator_lists/bad-user-agents.list,medium,low,medium,Detection rule,network flow direction internal --> external,,
Havij,crawlers / bad robots / suspicious spiders / junk web-scrapers / malicious spammersResource Development,Bots & Vulnerability Scanner,https://raw.githubusercontent.com/mitchellkrogza/nginx-ultimate-bad-bot-blocker/master/_generator_lists/bad-user-agents.list,medium,low,medium,Detection rule,network flow direction internal --> external,,
HaxerMen,Suricata suspicious user-agent rules,suspicious string,https://raw.githubusercontent.com/vncloudsco/suricata-rules/main/emerging-user_agents.rules,high,low,medium,Detection rule,network flow direction internal --> external,,
HeartBeat_Sender,BunnyLoader the newest Malware-as-a-Service,Malware,https://www.zscaler.com/blogs/security-research/bunnyloader-newest-malware-service,critical,none,critical,Detection rule,network flow direction internal --> external,,
HelpSrvc,Suricata Malware user-agent rules,Malware,https://raw.githubusercontent.com/seanlinmt/suricata/master/files/rules/emerging-malware.rules,high,low,medium,Detection rule,network flow direction internal --> external,,
HelperH,Suricata Malware user-agent rules,Malware,https://raw.githubusercontent.com/seanlinmt/suricata/master/files/rules/emerging-malware.rules,high,low,medium,Detection rule,network flow direction internal --> external,,
Hloader,crawlers / bad robots / suspicious spiders / junk web-scrapers / malicious spammersResource Development,Bots & Vulnerability Scanner,https://raw.githubusercontent.com/mitchellkrogza/nginx-ultimate-bad-bot-blocker/master/_generator_lists/bad-user-agents.list,medium,low,medium,Detection rule,network flow direction internal --> external,,
HonoluluBot,crawlers / bad robots / suspicious spiders / junk web-scrapers / malicious spammersResource Development,Bots & Vulnerability Scanner,https://raw.githubusercontent.com/mitchellkrogza/nginx-ultimate-bad-bot-blocker/master/_generator_lists/bad-user-agents.list,medium,low,medium,Detection rule,network flow direction internal --> external,,
Hotbar,Suricata Malware user-agent rules,Malware,https://raw.githubusercontent.com/seanlinmt/suricata/master/files/rules/emerging-malware.rules,high,low,medium,Detection rule,network flow direction internal --> external,,
Http Down,Suricata trojan user-agent rules,Malware,https://raw.githubusercontent.com/seanlinmt/suricata/master/files/rules/emerging-trojan.rules,high,low,medium,Detection rule,network flow direction internal --> external,,
HttpDownload,Suricata trojan user-agent rules,Malware,https://raw.githubusercontent.com/seanlinmt/suricata/master/files/rules/emerging-trojan.rules,low,high,low,Hunting,network flow direction internal --> external,,
Huai_Huai,Suricata Malware user-agent rules,Malware,https://raw.githubusercontent.com/seanlinmt/suricata/master/files/rules/emerging-malware.rules,high,low,medium,Detection rule,network flow direction internal --> external,,
Humanlinks,crawlers / bad robots / suspicious spiders / junk web-scrapers / malicious spammersResource Development,Bots & Vulnerability Scanner,https://raw.githubusercontent.com/mitchellkrogza/nginx-ultimate-bad-bot-blocker/master/_generator_lists/bad-user-agents.list,medium,low,medium,Detection rule,network flow direction internal --> external,,
HybridBot,crawlers / bad robots / suspicious spiders / junk web-scrapers / malicious spammersResource Development,Bots & Vulnerability Scanner,https://raw.githubusercontent.com/mitchellkrogza/nginx-ultimate-bad-bot-blocker/master/_generator_lists/bad-user-agents.list,medium,low,medium,Detection rule,network flow direction internal --> external,,
I'm a mu mu mu ?,Suricata trojan user-agent rules,Malware,https://raw.githubusercontent.com/seanlinmt/suricata/master/files/rules/emerging-trojan.rules,high,low,medium,Detection rule,network flow direction internal --> external,,
IBSBand,Suricata Malware user-agent rules,Malware,https://raw.githubusercontent.com/seanlinmt/suricata/master/files/rules/emerging-malware.rules,high,low,medium,Detection rule,network flow direction internal --> external,,
IDBTE4M,crawlers / bad robots / suspicious spiders / junk web-scrapers / malicious spammersResource Development,Bots & Vulnerability Scanner,https://raw.githubusercontent.com/mitchellkrogza/nginx-ultimate-bad-bot-blocker/master/_generator_lists/bad-user-agents.list,medium,low,medium,Detection rule,network flow direction internal --> external,,
IDBot,crawlers / bad robots / suspicious spiders / junk web-scrapers / malicious spammersResource Development,Bots & Vulnerability Scanner,https://raw.githubusercontent.com/mitchellkrogza/nginx-ultimate-bad-bot-blocker/master/_generator_lists/bad-user-agents.list,medium,low,medium,Detection rule,network flow direction internal --> external,,
IE/1.0,Suricata trojan user-agent rules,Malware,https://raw.githubusercontent.com/seanlinmt/suricata/master/files/rules/emerging-trojan.rules,high,low,medium,Detection rule,network flow direction internal --> external,,
IEMGR,Suricata trojan user-agent rules,Malware,https://raw.githubusercontent.com/seanlinmt/suricata/master/files/rules/emerging-trojan.rules,high,low,medium,Detection rule,network flow direction internal --> external,,
IEToolbar,Suricata Malware user-agent rules,Malware,https://raw.githubusercontent.com/seanlinmt/suricata/master/files/rules/emerging-malware.rules,high,low,medium,Detection rule,network flow direction internal --> external,,
IE_6.0,Suricata Malware user-agent rules,Malware,https://raw.githubusercontent.com/seanlinmt/suricata/master/files/rules/emerging-malware.rules,high,low,medium,Detection rule,network flow direction internal --> external,,
IM Download,Suricata Malware user-agent rules,Malware,https://raw.githubusercontent.com/seanlinmt/suricata/master/files/rules/emerging-malware.rules,high,low,medium,Detection rule,network flow direction internal --> external,,
IM Downloader,Suricata Malware user-agent rules,Malware,https://raw.githubusercontent.com/seanlinmt/suricata/master/files/rules/emerging-malware.rules,high,low,medium,Detection rule,network flow direction internal --> external,,
INet,Suricata trojan user-agent rules,Malware,https://raw.githubusercontent.com/seanlinmt/suricata/master/files/rules/emerging-trojan.rules,high,low,medium,Detection rule,network flow direction internal --> external,,
IOInstall,Suricata Malware user-agent rules,Malware,https://raw.githubusercontent.com/seanlinmt/suricata/master/files/rules/emerging-malware.rules,high,low,medium,Detection rule,network flow direction internal --> external,,
IOKernel,Suricata Malware user-agent rules,Malware,https://raw.githubusercontent.com/seanlinmt/suricata/master/files/rules/emerging-malware.rules,high,low,medium,Detection rule,network flow direction internal --> external,,
IRLbot,crawlers / bad robots / suspicious spiders / junk web-scrapers / malicious spammersResource Development,Bots & Vulnerability Scanner,https://raw.githubusercontent.com/mitchellkrogza/nginx-ultimate-bad-bot-blocker/master/_generator_lists/bad-user-agents.list,medium,low,medium,Detection rule,network flow direction internal --> external,,
ISMYIE,Suricata trojan user-agent rules,Malware,https://raw.githubusercontent.com/seanlinmt/suricata/master/files/rules/emerging-trojan.rules,high,low,medium,Detection rule,network flow direction internal --> external,,
ISUpd,Suricata Malware user-agent rules,Malware,https://raw.githubusercontent.com/seanlinmt/suricata/master/files/rules/emerging-malware.rules,high,low,medium,Detection rule,network flow direction internal --> external,,
ISecu,Suricata Malware user-agent rules,Malware,https://raw.githubusercontent.com/seanlinmt/suricata/master/files/rules/emerging-malware.rules,high,low,medium,Detection rule,network flow direction internal --> external,,
Iblog,crawlers / bad robots / suspicious spiders / junk web-scrapers / malicious spammersResource Development,Bots & Vulnerability Scanner,https://raw.githubusercontent.com/mitchellkrogza/nginx-ultimate-bad-bot-blocker/master/_generator_lists/bad-user-agents.list,medium,low,medium,Detection rule,network flow direction internal --> external,,
Id-search,crawlers / bad robots / suspicious spiders / junk web-scrapers / malicious spammersResource Development,Bots & Vulnerability Scanner,https://raw.githubusercontent.com/mitchellkrogza/nginx-ultimate-bad-bot-blocker/master/_generator_lists/bad-user-agents.list,medium,low,medium,Detection rule,network flow direction internal --> external,,
IlseBot,crawlers / bad robots / suspicious spiders / junk web-scrapers / malicious spammersResource Development,Bots & Vulnerability Scanner,https://raw.githubusercontent.com/mitchellkrogza/nginx-ultimate-bad-bot-blocker/master/_generator_lists/bad-user-agents.list,medium,low,medium,Detection rule,network flow direction internal --> external,,
Image\ Fetch,crawlers / bad robots / suspicious spiders / junk web-scrapers / malicious spammersResource Development,Bots & Vulnerability Scanner,https://raw.githubusercontent.com/mitchellkrogza/nginx-ultimate-bad-bot-blocker/master/_generator_lists/bad-user-agents.list,medium,low,medium,Detection rule,network flow direction internal --> external,,
Image\ Sucker,crawlers / bad robots / suspicious spiders / junk web-scrapers / malicious spammersResource Development,Bots & Vulnerability Scanner,https://raw.githubusercontent.com/mitchellkrogza/nginx-ultimate-bad-bot-blocker/master/_generator_lists/bad-user-agents.list,medium,low,medium,Detection rule,network flow direction internal --> external,,
InHold,Suricata trojan user-agent rules,Malware,https://raw.githubusercontent.com/seanlinmt/suricata/master/files/rules/emerging-trojan.rules,high,low,medium,Detection rule,network flow direction internal --> external,,
IndeedBot,crawlers / bad robots / suspicious spiders / junk web-scrapers / malicious spammersResource Development,Bots & Vulnerability Scanner,https://raw.githubusercontent.com/mitchellkrogza/nginx-ultimate-bad-bot-blocker/master/_generator_lists/bad-user-agents.list,medium,low,medium,Detection rule,network flow direction internal --> external,,
Indy\ Library,crawlers / bad robots / suspicious spiders / junk web-scrapers / malicious spammersResource Development,Bots & Vulnerability Scanner,https://raw.githubusercontent.com/mitchellkrogza/nginx-ultimate-bad-bot-blocker/master/_generator_lists/bad-user-agents.list,medium,low,medium,Detection rule,network flow direction internal --> external,,
InetURL,Suricata suspicious user-agent rules,suspicious string,https://raw.githubusercontent.com/vncloudsco/suricata-rules/main/emerging-user_agents.rules,high,low,medium,Detection rule,network flow direction internal --> external,,
Inet_read,Suricata trojan user-agent rules,Malware,https://raw.githubusercontent.com/seanlinmt/suricata/master/files/rules/emerging-trojan.rules,high,low,medium,Detection rule,network flow direction internal --> external,,
InfoBot,Suricata trojan user-agent rules,Malware,https://raw.githubusercontent.com/seanlinmt/suricata/master/files/rules/emerging-trojan.rules,high,low,medium,Detection rule,network flow direction internal --> external,,
InfoBox,Suricata Malware user-agent rules,Malware,https://raw.githubusercontent.com/seanlinmt/suricata/master/files/rules/emerging-malware.rules,high,low,medium,Detection rule,network flow direction internal --> external,,
InfoNaviRobot,crawlers / bad robots / suspicious spiders / junk web-scrapers / malicious spammersResource Development,Bots & Vulnerability Scanner,https://raw.githubusercontent.com/mitchellkrogza/nginx-ultimate-bad-bot-blocker/master/_generator_lists/bad-user-agents.list,medium,low,medium,Detection rule,network flow direction internal --> external,,
InfoTekies,crawlers / bad robots / suspicious spiders / junk web-scrapers / malicious spammersResource Development,Bots & Vulnerability Scanner,https://raw.githubusercontent.com/mitchellkrogza/nginx-ultimate-bad-bot-blocker/master/_generator_lists/bad-user-agents.list,medium,low,medium,Detection rule,network flow direction internal --> external,,
Informer from RBC,Suricata Malware user-agent rules,Malware,https://raw.githubusercontent.com/seanlinmt/suricata/master/files/rules/emerging-malware.rules,high,low,medium,Detection rule,network flow direction internal --> external,,
InstallCapital,Suricata trojan user-agent rules,Malware,https://raw.githubusercontent.com/seanlinmt/suricata/master/files/rules/emerging-trojan.rules,high,low,medium,Detection rule,network flow direction internal --> external,,
Installed OK,Suricata suspicious user-agent rules,suspicious string,https://raw.githubusercontent.com/vncloudsco/suricata-rules/main/emerging-user_agents.rules,high,low,medium,Detection rule,network flow direction internal --> external,,
Intelliseek,crawlers / bad robots / suspicious spiders / junk web-scrapers / malicious spammersResource Development,Bots & Vulnerability Scanner,https://raw.githubusercontent.com/mitchellkrogza/nginx-ultimate-bad-bot-blocker/master/_generator_lists/bad-user-agents.list,medium,low,medium,Detection rule,network flow direction internal --> external,,
InterGET,crawlers / bad robots / suspicious spiders / junk web-scrapers / malicious spammersResource Development,Bots & Vulnerability Scanner,https://raw.githubusercontent.com/mitchellkrogza/nginx-ultimate-bad-bot-blocker/master/_generator_lists/bad-user-agents.list,medium,low,medium,Detection rule,network flow direction internal --> external,,
Internet 1.0,Suricata Malware user-agent rules,Malware,https://raw.githubusercontent.com/seanlinmt/suricata/master/files/rules/emerging-malware.rules,high,low,medium,Detection rule,network flow direction internal --> external,,
Internet Antivirus Pro,Suricata Malware user-agent rules,Malware,https://raw.githubusercontent.com/seanlinmt/suricata/master/files/rules/emerging-malware.rules,high,low,medium,Detection rule,network flow direction internal --> external,,
Internet HTTP Request,Suricata trojan user-agent rules,Malware,https://raw.githubusercontent.com/seanlinmt/suricata/master/files/rules/emerging-trojan.rules,high,low,medium,Detection rule,network flow direction internal --> external,,
Internet,Suricata Malware user-agent rules,Malware,https://raw.githubusercontent.com/seanlinmt/suricata/master/files/rules/emerging-malware.rules,high,low,medium,Detection rule,network flow direction internal --> external,,
InternetSeer,crawlers / bad robots / suspicious spiders / junk web-scrapers / malicious spammersResource Development,Bots & Vulnerability Scanner,https://raw.githubusercontent.com/mitchellkrogza/nginx-ultimate-bad-bot-blocker/master/_generator_lists/bad-user-agents.list,medium,low,medium,Detection rule,network flow direction internal --> external,,
Internet\ Ninja,crawlers / bad robots / suspicious spiders / junk web-scrapers / malicious spammersResource Development,Bots & Vulnerability Scanner,https://raw.githubusercontent.com/mitchellkrogza/nginx-ultimate-bad-bot-blocker/master/_generator_lists/bad-user-agents.list,medium,low,medium,Detection rule,network flow direction internal --> external,,
InvokeAd,Suricata Malware user-agent rules,Malware,https://raw.githubusercontent.com/seanlinmt/suricata/master/files/rules/emerging-malware.rules,high,low,medium,Detection rule,network flow direction internal --> external,,
Iria,crawlers / bad robots / suspicious spiders / junk web-scrapers / malicious spammersResource Development,Bots & Vulnerability Scanner,https://raw.githubusercontent.com/mitchellkrogza/nginx-ultimate-bad-bot-blocker/master/_generator_lists/bad-user-agents.list,medium,low,medium,Detection rule,network flow direction internal --> external,,
Iskanie,crawlers / bad robots / suspicious spiders / junk web-scrapers / malicious spammersResource Development,Bots & Vulnerability Scanner,https://raw.githubusercontent.com/mitchellkrogza/nginx-ultimate-bad-bot-blocker/master/_generator_lists/bad-user-agents.list,medium,low,medium,Detection rule,network flow direction internal --> external,,
IstellaBot,crawlers / bad robots / suspicious spiders / junk web-scrapers / malicious spammersResource Development,Bots & Vulnerability Scanner,https://raw.githubusercontent.com/mitchellkrogza/nginx-ultimate-bad-bot-blocker/master/_generator_lists/bad-user-agents.list,medium,low,medium,Detection rule,network flow direction internal --> external,,
JEDI-VCL,Suricata trojan user-agent rules,Malware,https://raw.githubusercontent.com/seanlinmt/suricata/master/files/rules/emerging-trojan.rules,high,low,medium,Detection rule,network flow direction internal --> external,,
JOC\ Web\ Spider,crawlers / bad robots / suspicious spiders / junk web-scrapers / malicious spammersResource Development,Bots & Vulnerability Scanner,https://raw.githubusercontent.com/mitchellkrogza/nginx-ultimate-bad-bot-blocker/master/_generator_lists/bad-user-agents.list,medium,low,medium,Detection rule,network flow direction internal --> external,,
JamesBOT,crawlers / bad robots / suspicious spiders / junk web-scrapers / malicious spammersResource Development,Bots & Vulnerability Scanner,https://raw.githubusercontent.com/mitchellkrogza/nginx-ultimate-bad-bot-blocker/master/_generator_lists/bad-user-agents.list,medium,low,medium,Detection rule,network flow direction internal --> external,,
Jbrofuzz,crawlers / bad robots / suspicious spiders / junk web-scrapers / malicious spammersResource Development,Bots & Vulnerability Scanner,https://raw.githubusercontent.com/mitchellkrogza/nginx-ultimate-bad-bot-blocker/master/_generator_lists/bad-user-agents.list,medium,low,medium,Detection rule,network flow direction internal --> external,,
JennyBot,crawlers / bad robots / suspicious spiders / junk web-scrapers / malicious spammersResource Development,Bots & Vulnerability Scanner,https://raw.githubusercontent.com/mitchellkrogza/nginx-ultimate-bad-bot-blocker/master/_generator_lists/bad-user-agents.list,medium,low,medium,Detection rule,network flow direction internal --> external,,
JetCar,crawlers / bad robots / suspicious spiders / junk web-scrapers / malicious spammersResource Development,Bots & Vulnerability Scanner,https://raw.githubusercontent.com/mitchellkrogza/nginx-ultimate-bad-bot-blocker/master/_generator_lists/bad-user-agents.list,medium,low,medium,Detection rule,network flow direction internal --> external,,
Jetty,crawlers / bad robots / suspicious spiders / junk web-scrapers / malicious spammersResource Development,Bots & Vulnerability Scanner,https://raw.githubusercontent.com/mitchellkrogza/nginx-ultimate-bad-bot-blocker/master/_generator_lists/bad-user-agents.list,medium,low,medium,Detection rule,network flow direction internal --> external,,
JikeSpider,crawlers / bad robots / suspicious spiders / junk web-scrapers / malicious spammersResource Development,Bots & Vulnerability Scanner,https://raw.githubusercontent.com/mitchellkrogza/nginx-ultimate-bad-bot-blocker/master/_generator_lists/bad-user-agents.list,medium,low,medium,Detection rule,network flow direction internal --> external,,
Joomla,crawlers / bad robots / suspicious spiders / junk web-scrapers / malicious spammersResource Development,Bots & Vulnerability Scanner,https://raw.githubusercontent.com/mitchellkrogza/nginx-ultimate-bad-bot-blocker/master/_generator_lists/bad-user-agents.list,medium,low,medium,Detection rule,network flow direction internal --> external,,
Jorgee,crawlers / bad robots / suspicious spiders / junk web-scrapers / malicious spammersResource Development,Bots & Vulnerability Scanner,https://raw.githubusercontent.com/mitchellkrogza/nginx-ultimate-bad-bot-blocker/master/_generator_lists/bad-user-agents.list,medium,low,medium,Detection rule,network flow direction internal --> external,,
JustView,crawlers / bad robots / suspicious spiders / junk web-scrapers / malicious spammersResource Development,Bots & Vulnerability Scanner,https://raw.githubusercontent.com/mitchellkrogza/nginx-ultimate-bad-bot-blocker/master/_generator_lists/bad-user-agents.list,medium,low,medium,Detection rule,network flow direction internal --> external,,
Jyxobot,crawlers / bad robots / suspicious spiders / junk web-scrapers / malicious spammersResource Development,Bots & Vulnerability Scanner,https://raw.githubusercontent.com/mitchellkrogza/nginx-ultimate-bad-bot-blocker/master/_generator_lists/bad-user-agents.list,medium,low,medium,Detection rule,network flow direction internal --> external,,
KKTone,Suricata trojan user-agent rules,Malware,https://raw.githubusercontent.com/seanlinmt/suricata/master/files/rules/emerging-trojan.rules,high,low,medium,Detection rule,network flow direction internal --> external,,
KRMAK,Suricata Malware user-agent rules,Malware,https://raw.githubusercontent.com/seanlinmt/suricata/master/files/rules/emerging-malware.rules,high,low,medium,Detection rule,network flow direction internal --> external,,
KRSystem,Suricata Malware user-agent rules,Malware,https://raw.githubusercontent.com/seanlinmt/suricata/master/files/rules/emerging-malware.rules,high,low,medium,Detection rule,network flow direction internal --> external,,
Kenjin\ Spider,crawlers / bad robots / suspicious spiders / junk web-scrapers / malicious spammersResource Development,Bots & Vulnerability Scanner,https://raw.githubusercontent.com/mitchellkrogza/nginx-ultimate-bad-bot-blocker/master/_generator_lists/bad-user-agents.list,medium,low,medium,Detection rule,network flow direction internal --> external,,
Keybot\ Translation-Search-Machine,crawlers / bad robots / suspicious spiders / junk web-scrapers / malicious spammersResource Development,Bots & Vulnerability Scanner,https://raw.githubusercontent.com/mitchellkrogza/nginx-ultimate-bad-bot-blocker/master/_generator_lists/bad-user-agents.list,medium,low,medium,Detection rule,network flow direction internal --> external,,
Keyword\ Density,crawlers / bad robots / suspicious spiders / junk web-scrapers / malicious spammersResource Development,Bots & Vulnerability Scanner,https://raw.githubusercontent.com/mitchellkrogza/nginx-ultimate-bad-bot-blocker/master/_generator_lists/bad-user-agents.list,medium,low,medium,Detection rule,network flow direction internal --> external,,
Kinza,crawlers / bad robots / suspicious spiders / junk web-scrapers / malicious spammersResource Development,Bots & Vulnerability Scanner,https://raw.githubusercontent.com/mitchellkrogza/nginx-ultimate-bad-bot-blocker/master/_generator_lists/bad-user-agents.list,medium,low,medium,Detection rule,network flow direction internal --> external,,
Kozmosbot,crawlers / bad robots / suspicious spiders / junk web-scrapers / malicious spammersResource Development,Bots & Vulnerability Scanner,https://raw.githubusercontent.com/mitchellkrogza/nginx-ultimate-bad-bot-blocker/master/_generator_lists/bad-user-agents.list,medium,low,medium,Detection rule,network flow direction internal --> external,,
Kvadrlson 1.0,Suricata trojan user-agent rules,Malware,https://raw.githubusercontent.com/seanlinmt/suricata/master/files/rules/emerging-trojan.rules,high,low,medium,Detection rule,network flow direction internal --> external,,
LNSpiderguy,crawlers / bad robots / suspicious spiders / junk web-scrapers / malicious spammersResource Development,Bots & Vulnerability Scanner,https://raw.githubusercontent.com/mitchellkrogza/nginx-ultimate-bad-bot-blocker/master/_generator_lists/bad-user-agents.list,medium,low,medium,Detection rule,network flow direction internal --> external,,
LWP::Simple,crawlers / bad robots / suspicious spiders / junk web-scrapers / malicious spammersResource Development,Bots & Vulnerability Scanner,https://raw.githubusercontent.com/mitchellkrogza/nginx-ultimate-bad-bot-blocker/master/_generator_lists/bad-user-agents.list,medium,low,medium,Detection rule,network flow direction internal --> external,,
Lanshanbot,crawlers / bad robots / suspicious spiders / junk web-scrapers / malicious spammersResource Development,Bots & Vulnerability Scanner,https://raw.githubusercontent.com/mitchellkrogza/nginx-ultimate-bad-bot-blocker/master/_generator_lists/bad-user-agents.list,medium,low,medium,Detection rule,network flow direction internal --> external,,
Larbin,crawlers / bad robots / suspicious spiders / junk web-scrapers / malicious spammersResource Development,Bots & Vulnerability Scanner,https://raw.githubusercontent.com/mitchellkrogza/nginx-ultimate-bad-bot-blocker/master/_generator_lists/bad-user-agents.list,medium,low,medium,Detection rule,network flow direction internal --> external,,
Leap,crawlers / bad robots / suspicious spiders / junk web-scrapers / malicious spammersResource Development,Bots & Vulnerability Scanner,https://raw.githubusercontent.com/mitchellkrogza/nginx-ultimate-bad-bot-blocker/master/_generator_lists/bad-user-agents.list,medium,low,medium,Detection rule,network flow direction internal --> external,,
LeechFTP,crawlers / bad robots / suspicious spiders / junk web-scrapers / malicious spammersResource Development,Bots & Vulnerability Scanner,https://raw.githubusercontent.com/mitchellkrogza/nginx-ultimate-bad-bot-blocker/master/_generator_lists/bad-user-agents.list,medium,low,medium,Detection rule,network flow direction internal --> external,,
LeechGet,crawlers / bad robots / suspicious spiders / junk web-scrapers / malicious spammersResource Development,Bots & Vulnerability Scanner,https://raw.githubusercontent.com/mitchellkrogza/nginx-ultimate-bad-bot-blocker/master/_generator_lists/bad-user-agents.list,medium,low,medium,Detection rule,network flow direction internal --> external,,
Lemon-Duck-*,cryptominer default user agent,Cryptominer,https://www.microsoft.com/en-us/security/blog/2021/07/22/when-coin-miners-evolve-part-1-exposing-lemonduck-and-lemoncat-modern-mining-malware-infrastructure/,critical,none,critical,Detection rule,network flow direction internal --> external,,
LexiBot,crawlers / bad robots / suspicious spiders / junk web-scrapers / malicious spammersResource Development,Bots & Vulnerability Scanner,https://raw.githubusercontent.com/mitchellkrogza/nginx-ultimate-bad-bot-blocker/master/_generator_lists/bad-user-agents.list,medium,low,medium,Detection rule,network flow direction internal --> external,,
Lftp,crawlers / bad robots / suspicious spiders / junk web-scrapers / malicious spammersResource Development,Bots & Vulnerability Scanner,https://raw.githubusercontent.com/mitchellkrogza/nginx-ultimate-bad-bot-blocker/master/_generator_lists/bad-user-agents.list,medium,low,medium,Detection rule,network flow direction internal --> external,,
LibWeb,crawlers / bad robots / suspicious spiders / junk web-scrapers / malicious spammersResource Development,Bots & Vulnerability Scanner,https://raw.githubusercontent.com/mitchellkrogza/nginx-ultimate-bad-bot-blocker/master/_generator_lists/bad-user-agents.list,medium,low,medium,Detection rule,network flow direction internal --> external,,
Libwhisker,crawlers / bad robots / suspicious spiders / junk web-scrapers / malicious spammersResource Development,Bots & Vulnerability Scanner,https://raw.githubusercontent.com/mitchellkrogza/nginx-ultimate-bad-bot-blocker/master/_generator_lists/bad-user-agents.list,medium,low,medium,Detection rule,network flow direction internal --> external,,
LieBaoFast,crawlers / bad robots / suspicious spiders / junk web-scrapers / malicious spammersResource Development,Bots & Vulnerability Scanner,https://raw.githubusercontent.com/mitchellkrogza/nginx-ultimate-bad-bot-blocker/master/_generator_lists/bad-user-agents.list,medium,low,medium,Detection rule,network flow direction internal --> external,,
Lightspeedsystems,crawlers / bad robots / suspicious spiders / junk web-scrapers / malicious spammersResource Development,Bots & Vulnerability Scanner,https://raw.githubusercontent.com/mitchellkrogza/nginx-ultimate-bad-bot-blocker/master/_generator_lists/bad-user-agents.list,medium,low,medium,Detection rule,network flow direction internal --> external,,
Likse,crawlers / bad robots / suspicious spiders / junk web-scrapers / malicious spammersResource Development,Bots & Vulnerability Scanner,https://raw.githubusercontent.com/mitchellkrogza/nginx-ultimate-bad-bot-blocker/master/_generator_lists/bad-user-agents.list,medium,low,medium,Detection rule,network flow direction internal --> external,,
Lilith-Bot*,malware including a stealer/miner/botnet/ransomware/worm+dropper and DDoS bot.,Malware,https://www.zscaler.com/blogs/security-research/analysis-lilithbot-malware-and-eternity-threat-group,critical,none,critical,Detection rule,network flow direction internal --> external,,
LinkScan,crawlers / bad robots / suspicious spiders / junk web-scrapers / malicious spammersResource Development,Bots & Vulnerability Scanner,https://raw.githubusercontent.com/mitchellkrogza/nginx-ultimate-bad-bot-blocker/master/_generator_lists/bad-user-agents.list,medium,low,medium,Detection rule,network flow direction internal --> external,,
LinkWalker,crawlers / bad robots / suspicious spiders / junk web-scrapers / malicious spammersResource Development,Bots & Vulnerability Scanner,https://raw.githubusercontent.com/mitchellkrogza/nginx-ultimate-bad-bot-blocker/master/_generator_lists/bad-user-agents.list,medium,low,medium,Detection rule,network flow direction internal --> external,,
Linkbot,crawlers / bad robots / suspicious spiders / junk web-scrapers / malicious spammersResource Development,Bots & Vulnerability Scanner,https://raw.githubusercontent.com/mitchellkrogza/nginx-ultimate-bad-bot-blocker/master/_generator_lists/bad-user-agents.list,medium,low,medium,Detection rule,network flow direction internal --> external,,
LinkextractorPro,crawlers / bad robots / suspicious spiders / junk web-scrapers / malicious spammersResource Development,Bots & Vulnerability Scanner,https://raw.githubusercontent.com/mitchellkrogza/nginx-ultimate-bad-bot-blocker/master/_generator_lists/bad-user-agents.list,medium,low,medium,Detection rule,network flow direction internal --> external,,
LinkpadBot,crawlers / bad robots / suspicious spiders / junk web-scrapers / malicious spammersResource Development,Bots & Vulnerability Scanner,https://raw.githubusercontent.com/mitchellkrogza/nginx-ultimate-bad-bot-blocker/master/_generator_lists/bad-user-agents.list,medium,low,medium,Detection rule,network flow direction internal --> external,,
LinksManager,crawlers / bad robots / suspicious spiders / junk web-scrapers / malicious spammersResource Development,Bots & Vulnerability Scanner,https://raw.githubusercontent.com/mitchellkrogza/nginx-ultimate-bad-bot-blocker/master/_generator_lists/bad-user-agents.list,medium,low,medium,Detection rule,network flow direction internal --> external,,
LinqiaMetadataDownloaderBot,crawlers / bad robots / suspicious spiders / junk web-scrapers / malicious spammersResource Development,Bots & Vulnerability Scanner,https://raw.githubusercontent.com/mitchellkrogza/nginx-ultimate-bad-bot-blocker/master/_generator_lists/bad-user-agents.list,medium,low,medium,Detection rule,network flow direction internal --> external,,
LinqiaRSSBot,crawlers / bad robots / suspicious spiders / junk web-scrapers / malicious spammersResource Development,Bots & Vulnerability Scanner,https://raw.githubusercontent.com/mitchellkrogza/nginx-ultimate-bad-bot-blocker/master/_generator_lists/bad-user-agents.list,medium,low,medium,Detection rule,network flow direction internal --> external,,
LinqiaScrapeBot,crawlers / bad robots / suspicious spiders / junk web-scrapers / malicious spammersResource Development,Bots & Vulnerability Scanner,https://raw.githubusercontent.com/mitchellkrogza/nginx-ultimate-bad-bot-blocker/master/_generator_lists/bad-user-agents.list,medium,low,medium,Detection rule,network flow direction internal --> external,,
Lipperhey,crawlers / bad robots / suspicious spiders / junk web-scrapers / malicious spammersResource Development,Bots & Vulnerability Scanner,https://raw.githubusercontent.com/mitchellkrogza/nginx-ultimate-bad-bot-blocker/master/_generator_lists/bad-user-agents.list,medium,low,medium,Detection rule,network flow direction internal --> external,,
Lipperhey\ Spider,crawlers / bad robots / suspicious spiders / junk web-scrapers / malicious spammersResource Development,Bots & Vulnerability Scanner,https://raw.githubusercontent.com/mitchellkrogza/nginx-ultimate-bad-bot-blocker/master/_generator_lists/bad-user-agents.list,medium,low,medium,Detection rule,network flow direction internal --> external,,
Litemage_walker,crawlers / bad robots / suspicious spiders / junk web-scrapers / malicious spammersResource Development,Bots & Vulnerability Scanner,https://raw.githubusercontent.com/mitchellkrogza/nginx-ultimate-bad-bot-blocker/master/_generator_lists/bad-user-agents.list,medium,low,medium,Detection rule,network flow direction internal --> external,,
Live Enterprise Suite,Suricata Malware user-agent rules,Malware,https://raw.githubusercontent.com/seanlinmt/suricata/master/files/rules/emerging-malware.rules,high,low,medium,Detection rule,network flow direction internal --> external,,
LmaokaazLdr,Suricata Malware user-agent rules,Malware,https://raw.githubusercontent.com/seanlinmt/suricata/master/files/rules/emerging-malware.rules,high,low,medium,Detection rule,network flow direction internal --> external,,
Lmspider,crawlers / bad robots / suspicious spiders / junk web-scrapers / malicious spammersResource Development,Bots & Vulnerability Scanner,https://raw.githubusercontent.com/mitchellkrogza/nginx-ultimate-bad-bot-blocker/master/_generator_lists/bad-user-agents.list,medium,low,medium,Detection rule,network flow direction internal --> external,,
Loands,Suricata trojan user-agent rules,Malware,https://raw.githubusercontent.com/seanlinmt/suricata/master/files/rules/emerging-trojan.rules,high,low,medium,Detection rule,network flow direction internal --> external,,
Lobo Lunar,Suricata Malware user-agent rules,Malware,https://raw.githubusercontent.com/seanlinmt/suricata/master/files/rules/emerging-malware.rules,high,low,medium,Detection rule,network flow direction internal --> external,,
LockXLS,Suricata trojan user-agent rules,Malware,https://raw.githubusercontent.com/seanlinmt/suricata/master/files/rules/emerging-trojan.rules,high,low,medium,Detection rule,network flow direction internal --> external,,
Locus NetInstaller,Suricata Malware user-agent rules,Malware,https://raw.githubusercontent.com/seanlinmt/suricata/master/files/rules/emerging-malware.rules,high,low,medium,Detection rule,network flow direction internal --> external,,
LogEvents,Suricata Malware user-agent rules,Malware,https://raw.githubusercontent.com/seanlinmt/suricata/master/files/rules/emerging-malware.rules,high,low,medium,Detection rule,network flow direction internal --> external,,
Loki/1.0,Loki sample,Malware,https://app.any.run/tasks/30ed2dfa-466c-4f70-822e-7ddd5390d54f/,critical,none,critical,Detection rule,network flow direction internal --> external,,
Ltx71,crawlers / bad robots / suspicious spiders / junk web-scrapers / malicious spammersResource Development,Bots & Vulnerability Scanner,https://raw.githubusercontent.com/mitchellkrogza/nginx-ultimate-bad-bot-blocker/master/_generator_lists/bad-user-agents.list,medium,low,medium,Detection rule,network flow direction internal --> external,,
M0zilla,Suricata Malware user-agent rules,Malware,https://raw.githubusercontent.com/seanlinmt/suricata/master/files/rules/emerging-malware.rules,high,low,medium,Detection rule,network flow direction internal --> external,,
MBVDFRESCT,Suricata trojan user-agent rules,Malware,https://raw.githubusercontent.com/seanlinmt/suricata/master/files/rules/emerging-trojan.rules,high,low,medium,Detection rule,network flow direction internal --> external,,
MFC_Tear_Sample,crawlers / bad robots / suspicious spiders / junk web-scrapers / malicious spammersResource Development,Bots & Vulnerability Scanner,https://raw.githubusercontent.com/mitchellkrogza/nginx-ultimate-bad-bot-blocker/master/_generator_lists/bad-user-agents.list,medium,low,medium,Detection rule,network flow direction internal --> external,,
MIDown\ tool,crawlers / bad robots / suspicious spiders / junk web-scrapers / malicious spammersResource Development,Bots & Vulnerability Scanner,https://raw.githubusercontent.com/mitchellkrogza/nginx-ultimate-bad-bot-blocker/master/_generator_lists/bad-user-agents.list,medium,low,medium,Detection rule,network flow direction internal --> external,,
MJ12bot,crawlers / bad robots / suspicious spiders / junk web-scrapers / malicious spammersResource Development,Bots & Vulnerability Scanner,https://raw.githubusercontent.com/mitchellkrogza/nginx-ultimate-bad-bot-blocker/master/_generator_lists/bad-user-agents.list,medium,low,medium,Detection rule,network flow direction internal --> external,,
MS Internet Explorer,Suricata trojan user-agent rules,Malware,https://raw.githubusercontent.com/seanlinmt/suricata/master/files/rules/emerging-trojan.rules,high,low,medium,Detection rule,network flow direction internal --> external,,
MSIE7 na,Suricata Malware user-agent rules,Malware,https://raw.githubusercontent.com/seanlinmt/suricata/master/files/rules/emerging-malware.rules,high,low,medium,Detection rule,network flow direction internal --> external,,
MSIECrawler,crawlers / bad robots / suspicious spiders / junk web-scrapers / malicious spammersResource Development,Bots & Vulnerability Scanner,https://raw.githubusercontent.com/mitchellkrogza/nginx-ultimate-bad-bot-blocker/master/_generator_lists/bad-user-agents.list,medium,low,medium,Detection rule,network flow direction internal --> external,,
MTRobot,crawlers / bad robots / suspicious spiders / junk web-scrapers / malicious spammersResource Development,Bots & Vulnerability Scanner,https://raw.githubusercontent.com/mitchellkrogza/nginx-ultimate-bad-bot-blocker/master/_generator_lists/bad-user-agents.list,medium,low,medium,Detection rule,network flow direction internal --> external,,
MYURL,Suricata trojan user-agent rules,Malware,https://raw.githubusercontent.com/seanlinmt/suricata/master/files/rules/emerging-trojan.rules,high,low,medium,Detection rule,network flow direction internal --> external,,
Made by UltimateHackerzTeam,Suricata trojan user-agent rules,Malware,https://raw.githubusercontent.com/seanlinmt/suricata/master/files/rules/emerging-trojan.rules,high,low,medium,Detection rule,network flow direction internal --> external,,
MadeByLc,Suricata trojan user-agent rules,Malware,https://raw.githubusercontent.com/seanlinmt/suricata/master/files/rules/emerging-trojan.rules,high,low,medium,Detection rule,network flow direction internal --> external,,
Mag-Net,crawlers / bad robots / suspicious spiders / junk web-scrapers / malicious spammersResource Development,Bots & Vulnerability Scanner,https://raw.githubusercontent.com/mitchellkrogza/nginx-ultimate-bad-bot-blocker/master/_generator_lists/bad-user-agents.list,medium,low,medium,Detection rule,network flow direction internal --> external,,
Magic NetInstaller,Suricata Malware user-agent rules,Malware,https://raw.githubusercontent.com/seanlinmt/suricata/master/files/rules/emerging-malware.rules,high,low,medium,Detection rule,network flow direction internal --> external,,
Magnet,crawlers / bad robots / suspicious spiders / junk web-scrapers / malicious spammersResource Development,Bots & Vulnerability Scanner,https://raw.githubusercontent.com/mitchellkrogza/nginx-ultimate-bad-bot-blocker/master/_generator_lists/bad-user-agents.list,medium,low,medium,Detection rule,network flow direction internal --> external,,
Mail.RU_Bot,crawlers / bad robots / suspicious spiders / junk web-scrapers / malicious spammersResource Development,Bots & Vulnerability Scanner,https://raw.githubusercontent.com/mitchellkrogza/nginx-ultimate-bad-bot-blocker/master/_generator_lists/bad-user-agents.list,medium,low,medium,Detection rule,network flow direction internal --> external,,
Majestic-SEO,crawlers / bad robots / suspicious spiders / junk web-scrapers / malicious spammersResource Development,Bots & Vulnerability Scanner,https://raw.githubusercontent.com/mitchellkrogza/nginx-ultimate-bad-bot-blocker/master/_generator_lists/bad-user-agents.list,medium,low,medium,Detection rule,network flow direction internal --> external,,
Majestic12,crawlers / bad robots / suspicious spiders / junk web-scrapers / malicious spammersResource Development,Bots & Vulnerability Scanner,https://raw.githubusercontent.com/mitchellkrogza/nginx-ultimate-bad-bot-blocker/master/_generator_lists/bad-user-agents.list,medium,low,medium,Detection rule,network flow direction internal --> external,,
Majestic\ SEO,crawlers / bad robots / suspicious spiders / junk web-scrapers / malicious spammersResource Development,Bots & Vulnerability Scanner,https://raw.githubusercontent.com/mitchellkrogza/nginx-ultimate-bad-bot-blocker/master/_generator_lists/bad-user-agents.list,medium,low,medium,Detection rule,network flow direction internal --> external,,
MalwareWipe,Suricata Malware user-agent rules,Malware,https://raw.githubusercontent.com/seanlinmt/suricata/master/files/rules/emerging-malware.rules,high,low,medium,Detection rule,network flow direction internal --> external,,
MalwareWiped,Suricata Malware user-agent rules,Malware,https://raw.githubusercontent.com/seanlinmt/suricata/master/files/rules/emerging-malware.rules,high,low,medium,Detection rule,network flow direction internal --> external,,
MarkMonitor,crawlers / bad robots / suspicious spiders / junk web-scrapers / malicious spammersResource Development,Bots & Vulnerability Scanner,https://raw.githubusercontent.com/mitchellkrogza/nginx-ultimate-bad-bot-blocker/master/_generator_lists/bad-user-agents.list,medium,low,medium,Detection rule,network flow direction internal --> external,,
MarkWatch,crawlers / bad robots / suspicious spiders / junk web-scrapers / malicious spammersResource Development,Bots & Vulnerability Scanner,https://raw.githubusercontent.com/mitchellkrogza/nginx-ultimate-bad-bot-blocker/master/_generator_lists/bad-user-agents.list,medium,low,medium,Detection rule,network flow direction internal --> external,,
Mass\ Downloader,crawlers / bad robots / suspicious spiders / junk web-scrapers / malicious spammersResource Development,Bots & Vulnerability Scanner,https://raw.githubusercontent.com/mitchellkrogza/nginx-ultimate-bad-bot-blocker/master/_generator_lists/bad-user-agents.list,medium,low,medium,Detection rule,network flow direction internal --> external,,
Masscan,crawlers / bad robots / suspicious spiders / junk web-scrapers / malicious spammersResource Development,Bots & Vulnerability Scanner,https://raw.githubusercontent.com/mitchellkrogza/nginx-ultimate-bad-bot-blocker/master/_generator_lists/bad-user-agents.list,medium,low,medium,Detection rule,network flow direction internal --> external,,
Mata\ Hari,crawlers / bad robots / suspicious spiders / junk web-scrapers / malicious spammersResource Development,Bots & Vulnerability Scanner,https://raw.githubusercontent.com/mitchellkrogza/nginx-ultimate-bad-bot-blocker/master/_generator_lists/bad-user-agents.list,medium,low,medium,Detection rule,network flow direction internal --> external,,
MauiBot,crawlers / bad robots / suspicious spiders / junk web-scrapers / malicious spammersResource Development,Bots & Vulnerability Scanner,https://raw.githubusercontent.com/mitchellkrogza/nginx-ultimate-bad-bot-blocker/master/_generator_lists/bad-user-agents.list,medium,low,medium,Detection rule,network flow direction internal --> external,,
Mb2345Browser,crawlers / bad robots / suspicious spiders / junk web-scrapers / malicious spammersResource Development,Bots & Vulnerability Scanner,https://raw.githubusercontent.com/mitchellkrogza/nginx-ultimate-bad-bot-blocker/master/_generator_lists/bad-user-agents.list,medium,low,medium,Detection rule,network flow direction internal --> external,,
MeanPath\ Bot,crawlers / bad robots / suspicious spiders / junk web-scrapers / malicious spammersResource Development,Bots & Vulnerability Scanner,https://raw.githubusercontent.com/mitchellkrogza/nginx-ultimate-bad-bot-blocker/master/_generator_lists/bad-user-agents.list,medium,low,medium,Detection rule,network flow direction internal --> external,,
MediaLabsSiteInstaller,Suricata trojan user-agent rules,Malware,https://raw.githubusercontent.com/seanlinmt/suricata/master/files/rules/emerging-trojan.rules,high,low,medium,Detection rule,network flow direction internal --> external,,
Mediatoolkitbot,crawlers / bad robots / suspicious spiders / junk web-scrapers / malicious spammersResource Development,Bots & Vulnerability Scanner,https://raw.githubusercontent.com/mitchellkrogza/nginx-ultimate-bad-bot-blocker/master/_generator_lists/bad-user-agents.list,medium,low,medium,Detection rule,network flow direction internal --> external,,
MegaIndex.ru,crawlers / bad robots / suspicious spiders / junk web-scrapers / malicious spammersResource Development,Bots & Vulnerability Scanner,https://raw.githubusercontent.com/mitchellkrogza/nginx-ultimate-bad-bot-blocker/master/_generator_lists/bad-user-agents.list,medium,low,medium,Detection rule,network flow direction internal --> external,,
Megaupload,Suricata Malware user-agent rules,Malware,https://raw.githubusercontent.com/seanlinmt/suricata/master/files/rules/emerging-malware.rules,high,low,medium,Detection rule,network flow direction internal --> external,,
Metauri,crawlers / bad robots / suspicious spiders / junk web-scrapers / malicious spammersResource Development,Bots & Vulnerability Scanner,https://raw.githubusercontent.com/mitchellkrogza/nginx-ultimate-bad-bot-blocker/master/_generator_lists/bad-user-agents.list,medium,low,medium,Detection rule,network flow direction internal --> external,,
MicroMessenger,crawlers / bad robots / suspicious spiders / junk web-scrapers / malicious spammersResource Development,Bots & Vulnerability Scanner,https://raw.githubusercontent.com/mitchellkrogza/nginx-ultimate-bad-bot-blocker/master/_generator_lists/bad-user-agents.list,medium,low,medium,Detection rule,network flow direction internal --> external,,
Microgaming Install Program,Suricata Malware user-agent rules,Malware,https://raw.githubusercontent.com/seanlinmt/suricata/master/files/rules/emerging-malware.rules,high,low,medium,Detection rule,network flow direction internal --> external,,
Microsoft Internet Browser,Suricata Malware user-agent rules,Malware,https://raw.githubusercontent.com/seanlinmt/suricata/master/files/rules/emerging-malware.rules,high,low,medium,Detection rule,network flow direction internal --> external,,
Microsoft Internet Updater,Suricata trojan user-agent rules,Malware,https://raw.githubusercontent.com/seanlinmt/suricata/master/files/rules/emerging-trojan.rules,high,low,medium,Detection rule,network flow direction internal --> external,,
Microsoft WinRM Client,nse script to detect if a web server is running the WS-Management protocol,Exploitation,https://github.com/r00t-3xp10it/resource_files/blob/35c09448899695f2c2c402449d5766115e961800/aux/http-winrm.nse#L33,high,low,high,Detection rule,network flow direction internal --> external or external --> internal for correlation with a strong signal,,
Microsoft-WebDAV-MiniRedir/*,Windows WebDAV User Agent,Collection,https://blog.didierstevens.com/2017/11/13/webdav-traffic-to-malicious-sites/ + recent CVE-2024-21413 detection,high,medium,medium,Hunting,network flow direction internal --> external,,
Microsoft\ Data\ Access,crawlers / bad robots / suspicious spiders / junk web-scrapers / malicious spammersResource Development,Bots & Vulnerability Scanner,https://raw.githubusercontent.com/mitchellkrogza/nginx-ultimate-bad-bot-blocker/master/_generator_lists/bad-user-agents.list,medium,low,medium,Detection rule,network flow direction internal --> external,,
Microsoft\ URL\ Control,crawlers / bad robots / suspicious spiders / junk web-scrapers / malicious spammersResource Development,Bots & Vulnerability Scanner,https://raw.githubusercontent.com/mitchellkrogza/nginx-ultimate-bad-bot-blocker/master/_generator_lists/bad-user-agents.list,medium,low,medium,Detection rule,network flow direction internal --> external,,
Minefield,crawlers / bad robots / suspicious spiders / junk web-scrapers / malicious spammersResource Development,Bots & Vulnerability Scanner,https://raw.githubusercontent.com/mitchellkrogza/nginx-ultimate-bad-bot-blocker/master/_generator_lists/bad-user-agents.list,medium,low,medium,Detection rule,network flow direction internal --> external,,
Mirar_KeywordContent,Suricata Malware user-agent rules,Malware,https://raw.githubusercontent.com/seanlinmt/suricata/master/files/rules/emerging-malware.rules,high,low,medium,Detection rule,network flow direction internal --> external,,
Mirar_Toolbar,Suricata Malware user-agent rules,Malware,https://raw.githubusercontent.com/seanlinmt/suricata/master/files/rules/emerging-malware.rules,high,low,medium,Detection rule,network flow direction internal --> external,,
Mister\ PiX,crawlers / bad robots / suspicious spiders / junk web-scrapers / malicious spammersResource Development,Bots & Vulnerability Scanner,https://raw.githubusercontent.com/mitchellkrogza/nginx-ultimate-bad-bot-blocker/master/_generator_lists/bad-user-agents.list,medium,low,medium,Detection rule,network flow direction internal --> external,,
Mojeek,crawlers / bad robots / suspicious spiders / junk web-scrapers / malicious spammersResource Development,Bots & Vulnerability Scanner,https://raw.githubusercontent.com/mitchellkrogza/nginx-ultimate-bad-bot-blocker/master/_generator_lists/bad-user-agents.list,medium,low,medium,Detection rule,network flow direction internal --> external,,
Mojolicious,crawlers / bad robots / suspicious spiders / junk web-scrapers / malicious spammersResource Development,Bots & Vulnerability Scanner,https://raw.githubusercontent.com/mitchellkrogza/nginx-ultimate-bad-bot-blocker/master/_generator_lists/bad-user-agents.list,medium,low,medium,Detection rule,network flow direction internal --> external,,
MolokaiBot,crawlers / bad robots / suspicious spiders / junk web-scrapers / malicious spammersResource Development,Bots & Vulnerability Scanner,https://raw.githubusercontent.com/mitchellkrogza/nginx-ultimate-bad-bot-blocker/master/_generator_lists/bad-user-agents.list,medium,low,medium,Detection rule,network flow direction internal --> external,,
